[
    {
        "model": "goods.categories",
        "pk": 4,
        "fields": {
            "name": "В наличии",
            "slug": "tovary",
            "image": ""
        }
    },
    {
        "model": "goods.categories",
        "pk": 5,
        "fields": {
            "name": "Распродажа",
            "slug": "rasprodazha",
            "image": "cats_images/1_An7jmQd.png"
        }
    },
    {
        "model": "goods.categories",
        "pk": 6,
        "fields": {
            "name": "Популярное",
            "slug": "populyarnoe",
            "image": "cats_images/2_FF8461U.png"
        }
    },
    {
        "model": "goods.categories",
        "pk": 7,
        "fields": {
            "name": "Новинки",
            "slug": "novinki",
            "image": "cats_images/3_467dnA4.png"
        }
    },
    {
        "model": "goods.categories",
        "pk": 8,
        "fields": {
            "name": "Остатки",
            "slug": "ostatki",
            "image": "cats_images/4_75qQT8S.png"
        }
    },
    {
        "model": "goods.categories",
        "pk": 9,
        "fields": {
            "name": "Товары в пути",
            "slug": "tovary-v-puti",
            "image": ""
        }
    },
    {
        "model": "goods.categories",
        "pk": 10,
        "fields": {
            "name": "Удаленные товары",
            "slug": "udalennye-tovary",
            "image": ""
        }
    },
    {
        "model": "goods.categories",
        "pk": 11,
        "fields": {
            "name": "Залежалось );",
            "slug": "zalezhalos",
            "image": ""
        }
    }
]